{"X":{"0":2.0575607191,"1":5.7097530368,"2":65.9167169041,"3":70.0217845314,"4":37.3881498665,"5":22.1805405871,"6":44.2371602708,"7":86.7041673971,"8":50.4326370747,"9":65.73089689,"10":67.6110484336,"11":11.2263459659,"12":58.8292501923,"13":93.0878439979,"14":38.5840367085,"15":70.8516592347,"16":39.5255004606,"17":16.5959043821,"18":31.7734033609,"19":43.2297928968,"20":45.3800244757,"21":32.7481908747,"22":38.7484611249,"23":23.6671593637,"24":78.4874722027,"25":93.7194479005,"26":55.6757941011,"27":24.6738173224,"28":76.8970167834,"29":16.0966083672,"30":30.6971360515,"31":9.6110226392,"32":12.5334641383,"33":47.9399193304,"34":76.7148536557,"35":82.1727329789,"36":72.1352341342,"37":59.3481992871,"38":30.3332188525,"39":65.5971099535,"40":54.3045329185,"41":95.9182453731,"42":67.7196669859,"43":61.1660668263,"44":12.6426016207,"45":1.1458760395,"46":61.6229201164,"47":28.8390702164,"48":21.1791125914,"49":15.4509187103,"50":77.7107629102,"51":19.4411520229,"52":10.7710452253,"53":73.4302807111,"54":37.8417030991,"55":0.7620582553,"56":23.4070276061,"57":59.3216760559,"58":71.7089631956,"59":3.1021032272,"60":89.9680756685,"61":74.0113605963,"62":16.7219015169,"63":26.5953943986,"64":73.2089916448,"65":94.6130098806,"66":52.5381395289,"67":82.441761513,"68":74.4659845778,"69":58.4138925835,"70":12.1031986762,"71":3.3332971564,"72":51.199927433,"73":37.5760720411,"74":35.4180997226,"75":73.0311751597,"76":53.3587719394,"77":12.9293963707,"78":85.0187461761,"79":40.4592434303,"80":5.4581629037,"81":57.8438539406,"82":94.5790408284,"83":77.0005854972,"84":0.7514422137,"85":60.3453769335,"86":36.0240178152,"87":48.6682944098,"88":35.7145384106,"89":47.7165370655,"90":39.1111883426,"91":96.5357153932,"92":56.8535976536,"93":14.6776317006,"94":34.1173352935,"95":45.9921280054,"96":14.0811290588,"97":71.2565507782,"98":95.4986919612,"99":95.2419732362},"y":{"0":33.4435399826,"1":39.2788743289,"2":125.7845456009,"3":164.3678071623,"4":93.5030441269,"5":65.6893122652,"6":93.6243641471,"7":199.1151501052,"8":125.3715945338,"9":139.0403317196,"10":127.9541265838,"11":23.043916831,"12":119.4177914734,"13":177.740679455,"14":81.8642729349,"15":141.2840705923,"16":93.8762182254,"17":29.3999756644,"18":65.9450957061,"19":79.8916628352,"20":115.2980449397,"21":69.9154912482,"22":78.8305492204,"23":55.8108511208,"24":149.1941257899,"25":190.1115796566,"26":119.7373084525,"27":71.165946871,"28":174.2876563268,"29":28.5059803562,"30":83.9146452958,"31":34.6911089195,"32":16.1553517743,"33":116.4243487506,"34":149.6177695352,"35":158.9746693722,"36":165.6398584779,"37":115.4181191279,"38":87.4594947491,"39":127.7260712539,"40":104.0950258708,"41":186.1815862016,"42":151.140887662,"43":142.0315408073,"44":19.9846539943,"45":11.4586835349,"46":117.8644893424,"47":56.5356041474,"48":48.0068937868,"49":59.4607414863,"50":147.5088377181,"51":62.9117587865,"52":16.8165568264,"53":159.5471064426,"54":67.6568312216,"55":-1.3808610029,"56":45.4163201352,"57":141.7675326197,"58":133.5845490048,"59":24.5304712795,"60":192.6457367419,"61":168.0458366545,"62":63.2536414824,"63":53.5584728701,"64":158.3541075116,"65":216.1264345176,"66":109.406968515,"67":193.8217434315,"68":141.5812542664,"69":134.8749605922,"70":39.2303255646,"71":-0.17001101,"72":117.8577034834,"73":66.4776916462,"74":64.1489812971,"75":175.5524037114,"76":101.5768984533,"77":53.4208949229,"78":175.0991211934,"79":75.1189691858,"80":23.3203824459,"81":107.9907264694,"82":188.502113642,"83":169.9900892935,"84":4.562167111,"85":110.9353786248,"86":78.4466565027,"87":102.5032767787,"88":61.7359227946,"89":86.8091527196,"90":102.9188722444,"91":185.6328453022,"92":130.0273748621,"93":54.2868601914,"94":72.8024898312,"95":90.0516726406,"96":32.2395559581,"97":156.290014684,"98":187.3981516692,"99":202.2112606383}}